user_id,name,email,age,country,date
15000,James Scott,james.scott660@gmail.com,35.0,India,2024-11-01
15001,Sharon Ferrell,sharon.ferrell49@gmail.com,26.0,Australia,2024-11-01
15004,Connie Gonzales,connie.gonzales481@gmail.com,43.0,Australia,2024-11-01
15006,Kristina Thomas,kristina.thomas827@gmail.com,29.0,Australia,2024-11-01
15009,Anne Soto,anne.soto983@gmail.com,21.0,India,2024-11-01
15010,Jessica Carey,jessica.carey424@gmail.com,29.0,India,2024-11-01
15013,Kevin Wilson,kevin.wilson181@gmail.com,23.0,India,2024-11-01
15018,Dylan Dyer,dylan.dyer465@gmail.com,40.0,Australia,2024-11-01
15019,Nicole Valentine,nicole.valentine972@gmail.com,60.0,India,2024-11-01
15022,Nicole Perez,nicole.perez476@gmail.com,40.0,India,2024-11-01
15023,Regina Holland,regina.holland16@gmail.com,50.0,India,2024-11-02
15025,Melinda Martinez MD,melinda.martinez.md294@gmail.com,58.0,Australia,2024-11-02
15026,Douglas Wade,douglas.wade880@gmail.com,20.0,India,2024-11-02
15027,Steven Sanders,steven.sanders140@gmail.com,30.0,India,2024-11-02
15028,Aimee Johnson,aimee.johnson827@gmail.com,30.0,India,2024-11-02
15030,Timothy Davis,timothy.davis717@gmail.com,35.0,India,2024-11-02
15040,Benjamin Maynard Jr.,benjamin.maynard.jr.462@gmail.com,24.0,Australia,2024-11-02
15042,Jennifer Barrett,jennifer.barrett63@gmail.com,57.0,India,2024-11-02
15044,Dr. Alexander Stephens,dr..alexander.stephens479@gmail.com,18.0,India,2024-11-03
15046,John Stephens,john.stephens230@gmail.com,30.0,India,2024-11-03
15047,Matthew Reynolds,matthew.reynolds309@gmail.com,19.0,Canada,2024-11-03
15053,Diane Ramirez,diane.ramirez9@gmail.com,22.0,India,2024-11-03
15055,Steven Miller,steven.miller753@gmail.com,18.0,Canada,2024-11-03
15058,Henry French,henry.french8@gmail.com,17.0,India,2024-11-03
15061,Melissa King,melissa.king788@gmail.com,38.0,Australia,2024-11-03
15064,Corey Wilson III,corey.wilson.iii710@gmail.com,23.0,Australia,2024-11-03
15065,Dr. Carolyn Morales,dr..carolyn.morales1000@gmail.com,30.0,India,2024-11-03
15074,Lindsey Fleming,lindsey.fleming224@gmail.com,28.0,Canada,2024-11-04
15078,Christopher Harris,christopher.harris26@gmail.com,37.0,India,2024-11-04
15081,Thomas Drake,thomas.drake947@gmail.com,23.0,India,2024-11-04
15085,Sara Gaines,sara.gaines426@gmail.com,44.0,India,2024-11-05
15086,Sarah James,sarah.james377@gmail.com,21.0,India,2024-11-05
15088,Robert Miller,robert.miller921@gmail.com,29.0,Australia,2024-11-05
15089,Steven Garcia,steven.garcia673@gmail.com,26.0,Australia,2024-11-05
15090,Mckenzie Thomas,mckenzie.thomas858@gmail.com,20.0,India,2024-11-05
15091,Gabriella Klein,gabriella.klein609@gmail.com,19.0,India,2024-11-05
15099,Nicole Cruz,nicole.cruz608@gmail.com,19.0,India,2024-11-06
15107,Hannah Wilson,hannah.wilson474@gmail.com,24.0,India,2024-11-06
15109,Lisa Mccall,lisa.mccall477@gmail.com,29.0,India,2024-11-06
15110,Joshua Pearson,joshua.pearson750@gmail.com,0.0,Canada,2024-11-06
15111,Miranda Cannon,miranda.cannon903@gmail.com,32.0,India,2024-11-06
15112,Brittany Obrien,brittany.obrien601@gmail.com,38.0,India,2024-11-06
15113,Miranda Randall,miranda.randall183@gmail.com,40.0,India,2024-11-06
15114,Kyle Vaughan,kyle.vaughan844@gmail.com,27.0,Canada,2024-11-06
15118,Travis Pennington,travis.pennington30@gmail.com,34.0,India,2024-11-07
15119,Melissa Silva,melissa.silva231@gmail.com,43.0,India,2024-11-07
15122,Ryan Ramsey,ryan.ramsey212@gmail.com,21.0,Australia,2024-11-07
15124,James Frazier,james.frazier683@gmail.com,25.0,India,2024-11-07
15127,Mary Nixon,mary.nixon456@gmail.com,27.0,Australia,2024-11-07
15129,Jonathan Hampton,jonathan.hampton460@gmail.com,17.0,India,2024-11-07
15135,Katherine Franco,katherine.franco459@gmail.com,19.0,Canada,2024-11-08
15136,Michelle Young,michelle.young654@gmail.com,21.0,Australia,2024-11-08
15137,Carol Lindsey,carol.lindsey826@gmail.com,18.0,India,2024-11-08
15140,Andrea Gonzalez,andrea.gonzalez802@gmail.com,27.0,India,2024-11-08
15143,Kerri Ruiz,kerri.ruiz48@gmail.com,35.0,India,2024-11-08
15152,Jessica Murray,jessica.murray155@gmail.com,32.0,India,2024-11-09
15154,Cynthia Spencer,cynthia.spencer839@gmail.com,42.0,Australia,2024-11-09
15159,Deborah Kim,deborah.kim773@gmail.com,23.0,Canada,2024-11-09
15160,Angel Garcia,angel.garcia114@gmail.com,24.0,Canada,2024-11-09
15162,Lori Lucero,lori.lucero173@gmail.com,27.0,India,2024-11-09
15163,James Harrison,james.harrison705@gmail.com,29.0,Canada,2024-11-09
15164,Renee Smith,renee.smith919@gmail.com,37.0,India,2024-11-09
15166,Daniel Cox,daniel.cox660@gmail.com,21.0,Canada,2024-11-09
15168,Angela Larsen,angela.larsen91@gmail.com,36.0,Australia,2024-11-09
15173,Sean Freeman,sean.freeman311@gmail.com,23.0,India,2024-11-09
15174,Paul Sheppard,paul.sheppard214@gmail.com,19.0,Australia,2024-11-09
15176,Maria Barnes,maria.barnes380@gmail.com,41.0,Australia,2024-11-10
15177,Melinda Rojas,melinda.rojas925@gmail.com,21.0,India,2024-11-10
15178,Randy Davis,randy.davis574@gmail.com,34.0,India,2024-11-10
15180,Heather Singh,heather.singh144@gmail.com,17.0,Canada,2024-11-10
15184,Edward Edwards,edward.edwards306@gmail.com,19.0,Canada,2024-11-10
15188,Shawn Santiago,shawn.santiago909@gmail.com,33.0,Canada,2024-11-10
15193,Lorraine Martin,lorraine.martin248@gmail.com,21.0,Canada,2024-11-11
15195,Shari Stewart,shari.stewart586@gmail.com,27.0,Canada,2024-11-11
15198,Alexandra Cochran,alexandra.cochran688@gmail.com,29.0,Canada,2024-11-11
15199,Erin Johnson,erin.johnson451@gmail.com,43.0,Australia,2024-11-11
15201,Dylan Griffin,dylan.griffin668@gmail.com,24.0,Canada,2024-11-11
15202,Claire Schroeder,claire.schroeder108@gmail.com,19.0,Australia,2024-11-11
15206,Kerry Todd,kerry.todd894@gmail.com,32.0,India,2024-11-12
15208,Darrell Baker,darrell.baker397@gmail.com,51.0,India,2024-11-12
15209,Brandon Newton,brandon.newton869@gmail.com,19.0,India,2024-11-12
15212,Denise Hoffman,denise.hoffman826@gmail.com,17.0,India,2024-11-12
15214,Michelle Murphy,michelle.murphy453@gmail.com,29.0,India,2024-11-12
15215,Felicia Martin,felicia.martin473@gmail.com,23.0,India,2024-11-12
15217,Neil Rodriguez,neil.rodriguez720@gmail.com,19.0,Australia,2024-11-12
15218,Krystal Jones,krystal.jones548@gmail.com,37.0,India,2024-11-12
15219,Andrea Chambers,andrea.chambers485@gmail.com,29.0,India,2024-11-12
15223,Jonathan Adams,jonathan.adams374@gmail.com,21.0,India,2024-11-13
15224,Benjamin Stone,benjamin.stone512@gmail.com,56.0,India,2024-11-13
15225,Amanda Gonzalez,amanda.gonzalez755@gmail.com,27.0,Australia,2024-11-13
15232,Alan Vasquez,alan.vasquez199@gmail.com,27.0,Australia,2024-11-14
15233,Hunter Smith,hunter.smith172@gmail.com,47.0,India,2024-11-14
15236,Robert Jackson,robert.jackson328@gmail.com,32.0,India,2024-11-14
15240,Bradley Clark,bradley.clark493@gmail.com,39.0,Australia,2024-11-14
15244,Jonathan Anderson,jonathan.anderson89@gmail.com,19.0,India,2024-11-14
15245,Kevin Smith,kevin.smith786@gmail.com,32.0,India,2024-11-15
15246,Ashley Garcia,ashley.garcia278@gmail.com,23.0,India,2024-11-15
15247,Monica Jones,monica.jones793@gmail.com,25.0,India,2024-11-15
15250,Karen Ferguson,karen.ferguson614@gmail.com,21.0,Australia,2024-11-15
15253,Mario Martin,mario.martin102@gmail.com,26.0,Canada,2024-11-15
15254,Michael Terry,michael.terry230@gmail.com,39.0,India,2024-11-15
15255,Kristen Hughes,kristen.hughes488@gmail.com,52.0,India,2024-11-15
15261,Brian Bishop,brian.bishop618@gmail.com,17.0,Australia,2024-11-15
15263,Jessica Carter,jessica.carter58@gmail.com,24.0,India,2024-11-15
15270,Nathaniel Brown,nathaniel.brown439@gmail.com,34.0,India,2024-11-16
15271,Jacqueline Long,jacqueline.long873@gmail.com,39.0,Australia,2024-11-16
15272,Ashley Koch,ashley.koch454@gmail.com,18.0,India,2024-11-16
15273,Dillon Brown,dillon.brown433@gmail.com,35.0,India,2024-11-16
15280,Laura Lutz,laura.lutz608@gmail.com,47.0,India,2024-11-16
15282,Dr. Carl Gilbert,dr..carl.gilbert658@gmail.com,36.0,Australia,2024-11-16
15284,Andrew Hernandez,andrew.hernandez897@gmail.com,31.0,India,2024-11-17
15285,Rachel Lopez,rachel.lopez986@gmail.com,29.0,Canada,2024-11-17
15287,Kelly Davis,kelly.davis671@gmail.com,27.0,India,2024-11-17
15288,Dr. Gregory Holland Jr.,dr..gregory.holland.jr.1000@gmail.com,46.0,India,2024-11-17
15289,Jo Campbell,jo.campbell644@gmail.com,21.0,Australia,2024-11-17
15291,Lisa Patterson,lisa.patterson315@gmail.com,36.0,India,2024-11-17
15295,Jon Murphy,jon.murphy567@gmail.com,23.0,Canada,2024-11-17
15296,Marcus Bryant,marcus.bryant614@gmail.com,32.0,India,2024-11-17
15301,Jennifer Palmer,jennifer.palmer326@gmail.com,48.0,India,2024-11-18
15302,Joshua Baird,joshua.baird638@gmail.com,20.0,India,2024-11-18
15303,Jennifer Jackson,jennifer.jackson574@gmail.com,45.0,India,2024-11-18
15304,Adam Schneider,adam.schneider859@gmail.com,20.0,India,2024-11-18
15307,Ricky Schultz,ricky.schultz857@gmail.com,33.0,Australia,2024-11-18
15310,Courtney Howard,courtney.howard327@gmail.com,29.0,India,2024-11-18
15312,Joseph Prince,joseph.prince578@gmail.com,28.0,India,2024-11-18
15318,Susan Bennett,susan.bennett110@gmail.com,37.0,India,2024-11-19
15321,Jenna Sanders,jenna.sanders302@gmail.com,46.0,Canada,2024-11-19
15322,Dan Lynch,dan.lynch794@gmail.com,48.0,Australia,2024-11-19
15327,Darryl Martinez,darryl.martinez935@gmail.com,40.0,India,2024-11-20
15329,Troy Anderson,troy.anderson791@gmail.com,40.0,Canada,2024-11-20
15330,Diana Schultz,diana.schultz166@gmail.com,21.0,Canada,2024-11-20
15336,Michael Cruz,michael.cruz121@gmail.com,19.0,India,2024-11-20
15341,Anthony Walton,anthony.walton571@gmail.com,30.0,Australia,2024-11-20
15347,Karen Williams,karen.williams101@gmail.com,32.0,Canada,2024-11-21
15350,Yvonne Mcdonald,yvonne.mcdonald200@gmail.com,27.0,India,2024-11-21
15352,Mark Jordan,mark.jordan805@gmail.com,28.0,Australia,2024-11-21
15353,James Gibbs,james.gibbs185@gmail.com,43.0,India,2024-11-21
15356,David Johnson,david.johnson899@gmail.com,20.0,Australia,2024-11-21
15360,Dana Thomas,dana.thomas596@gmail.com,33.0,India,2024-11-21
15362,Joshua Smith,joshua.smith88@gmail.com,57.0,Canada,2024-11-21
15363,Amy Vazquez,amy.vazquez133@gmail.com,42.0,Canada,2024-11-21
15365,Hailey Ingram,hailey.ingram885@gmail.com,27.0,India,2024-11-22
15368,Sandra Bell,sandra.bell550@gmail.com,21.0,India,2024-11-22
15371,Johnny Bender,johnny.bender355@gmail.com,31.0,India,2024-11-22
15373,Lisa Harris,lisa.harris454@gmail.com,21.0,Canada,2024-11-22
15375,Brandon Booth,brandon.booth79@gmail.com,50.0,India,2024-11-22
15380,Dustin Reynolds,dustin.reynolds314@gmail.com,35.0,India,2024-11-23
15382,Jimmy Cooper,jimmy.cooper680@gmail.com,33.0,Canada,2024-11-23
15386,Sierra Johnson,sierra.johnson47@gmail.com,35.0,India,2024-11-23
15392,Cheryl Berry,cheryl.berry738@gmail.com,26.0,India,2024-11-23
15393,Andrew Nunez,andrew.nunez645@gmail.com,42.0,India,2024-11-23
15396,Michelle Salazar,michelle.salazar484@gmail.com,35.0,India,2024-11-23
15398,Jeremiah French,jeremiah.french457@gmail.com,22.0,Canada,2024-11-23
15401,Vickie Prince,vickie.prince953@gmail.com,23.0,Canada,2024-11-24
15407,Patrick French,patrick.french407@gmail.com,51.0,India,2024-11-24
15412,Raymond Conner,raymond.conner973@gmail.com,0.0,Canada,2024-11-24
15415,Joshua Hopkins,joshua.hopkins862@gmail.com,21.0,Canada,2024-11-24
15416,Travis Brown,travis.brown217@gmail.com,22.0,India,2024-11-24
15417,Jeffrey Manning,jeffrey.manning432@gmail.com,20.0,India,2024-11-24
15419,Susan Baxter,susan.baxter448@gmail.com,18.0,Canada,2024-11-24
15424,Kristin Greene,kristin.greene718@gmail.com,26.0,India,2024-11-25
15425,Nicholas Kim,nicholas.kim161@gmail.com,44.0,Australia,2024-11-25
15433,Stephanie Benton,stephanie.benton596@gmail.com,42.0,Australia,2024-11-25
15434,Ashley Hardy,ashley.hardy312@gmail.com,20.0,India,2024-11-25
15439,Richard Klein,richard.klein436@gmail.com,51.0,India,2024-11-25
15440,Kyle Taylor,kyle.taylor809@gmail.com,19.0,India,2024-11-25
15448,Julia Gregory,julia.gregory438@gmail.com,34.0,Canada,2024-11-26
15449,Bryan Jones,bryan.jones763@gmail.com,33.0,India,2024-11-26
15451,Austin Brown,austin.brown152@gmail.com,26.0,India,2024-11-26
15453,Theresa Sanchez,theresa.sanchez481@gmail.com,38.0,Canada,2024-11-26
15454,Cory Hayes,cory.hayes198@gmail.com,47.0,India,2024-11-26
15455,Joseph Neal MD,joseph.neal.md341@gmail.com,19.0,India,2024-11-26
15456,Sarah Taylor,sarah.taylor215@gmail.com,31.0,Australia,2024-11-26
15457,Dr. Tina Christensen DDS,dr..tina.christensen.dds481@gmail.com,19.0,Australia,2024-11-26
15458,Jessica Farmer,jessica.farmer168@gmail.com,35.0,India,2024-11-26
15462,Mark Warren,mark.warren686@gmail.com,20.0,India,2024-11-27
15463,Stephanie Kent,stephanie.kent188@gmail.com,48.0,India,2024-11-27
15464,Aaron Roth,aaron.roth17@gmail.com,44.0,Australia,2024-11-27
15466,Nicole Elliott,nicole.elliott627@gmail.com,32.0,India,2024-11-27
15467,Tyler Evans,tyler.evans37@gmail.com,20.0,India,2024-11-27
15468,Monica Fisher,monica.fisher105@gmail.com,36.0,Canada,2024-11-27
15470,Jennifer Brown,jennifer.brown825@gmail.com,17.0,India,2024-11-27
15471,Julia Soto,julia.soto470@gmail.com,18.0,Australia,2024-11-27
15474,Thomas Smith,thomas.smith976@gmail.com,51.0,Australia,2024-11-27
15476,Jesse Avila Jr.,jesse.avila.jr.392@gmail.com,25.0,India,2024-11-27
15477,Samuel Guzman,samuel.guzman527@gmail.com,22.0,Australia,2024-11-27
15479,Sean Price,sean.price449@gmail.com,34.0,India,2024-11-28
15480,Patricia Wilkerson,patricia.wilkerson612@gmail.com,29.0,Australia,2024-11-28
15483,Jennifer Shepherd,jennifer.shepherd439@gmail.com,48.0,India,2024-11-28
15495,Ryan Ruiz,ryan.ruiz445@gmail.com,32.0,Australia,2024-11-28
15497,Kelsey Baker,kelsey.baker515@gmail.com,40.0,Australia,2024-11-28
15500,Joy Beard,joy.beard433@gmail.com,43.0,Canada,2024-11-28
15505,Nicholas Ellis,nicholas.ellis915@gmail.com,25.0,India,2024-11-29
15506,Sharon Phillips,sharon.phillips374@gmail.com,25.0,India,2024-11-29
15507,David Spencer,david.spencer331@gmail.com,37.0,India,2024-11-29
15508,Jeffrey Foster,jeffrey.foster868@gmail.com,28.0,India,2024-11-29
15509,Morgan Paul,morgan.paul25@gmail.com,46.0,Canada,2024-11-29
15514,Michael Foster,michael.foster310@gmail.com,60.0,India,2024-11-29
15521,Diana Mayer,diana.mayer195@gmail.com,24.0,Canada,2024-11-29
15523,Barbara Smith,barbara.smith556@gmail.com,36.0,India,2024-11-29
15524,Courtney Lester,courtney.lester241@gmail.com,40.0,Australia,2024-11-29
15530,Katherine Aguirre,katherine.aguirre765@gmail.com,28.0,India,2024-11-30
15533,Eric Caldwell,eric.caldwell763@gmail.com,17.0,India,2024-11-30
15534,Douglas Campbell,douglas.campbell132@gmail.com,29.0,India,2024-11-30
15535,Abigail Kennedy,abigail.kennedy947@gmail.com,36.0,India,2024-11-30
15536,Chelsea Salinas,chelsea.salinas909@gmail.com,31.0,India,2024-11-30
15537,Elaine Ward,elaine.ward706@gmail.com,59.0,Australia,2024-11-30
15540,Kaylee Branch,kaylee.branch699@gmail.com,21.0,Canada,2024-11-30
15542,Kayla Kim,kayla.kim975@gmail.com,38.0,Canada,2024-11-30
15543,Carl Morrow,carl.morrow749@gmail.com,26.0,Australia,2024-11-30
15544,Cynthia Harris,cynthia.harris105@gmail.com,34.0,India,2024-11-30
15554,Karen George,karen.george877@gmail.com,29.0,Australia,2024-12-01
15556,Gabriel Powers,gabriel.powers896@gmail.com,32.0,India,2024-12-01
15557,Trevor King,trevor.king436@gmail.com,45.0,India,2024-12-01
15558,Angela Garcia,angela.garcia9@gmail.com,39.0,India,2024-12-01
15562,Melissa Graham,melissa.graham887@gmail.com,42.0,Australia,2024-12-01
15564,Dale Hernandez,dale.hernandez53@gmail.com,31.0,Australia,2024-12-01
15566,Vanessa Elliott,vanessa.elliott768@gmail.com,40.0,Australia,2024-12-01
15570,Walter Vang,walter.vang972@gmail.com,43.0,India,2024-12-01
15572,Nicholas Martin,nicholas.martin874@gmail.com,30.0,Australia,2024-12-02
15576,Jacob Mahoney,jacob.mahoney336@gmail.com,29.0,India,2024-12-02
15580,Gwendolyn Gilbert,gwendolyn.gilbert799@gmail.com,29.0,Australia,2024-12-02
15584,Ernest Avery,ernest.avery317@gmail.com,36.0,India,2024-12-02
15590,Sean Ryan,sean.ryan819@gmail.com,31.0,Canada,2024-12-03
15593,Rhonda Allen,rhonda.allen213@gmail.com,26.0,Australia,2024-12-03
15595,Brittany James,brittany.james738@gmail.com,22.0,India,2024-12-03
15598,Dustin Byrd,dustin.byrd780@gmail.com,20.0,Australia,2024-12-03
15603,John Mcdonald,john.mcdonald100@gmail.com,31.0,Canada,2024-12-03
15604,Devin Montes,devin.montes915@gmail.com,23.0,Australia,2024-12-03
15606,Belinda Rivera,belinda.rivera389@gmail.com,25.0,Australia,2024-12-04
15607,Carlos Weber,carlos.weber478@gmail.com,39.0,Australia,2024-12-04
15611,Dustin Davis,dustin.davis49@gmail.com,25.0,Australia,2024-12-04
15613,Mr. Kenneth Erickson,mr..kenneth.erickson306@gmail.com,18.0,Australia,2024-12-04
15614,Scott Sanchez,scott.sanchez308@gmail.com,25.0,Canada,2024-12-04
15616,Angel Parker,angel.parker271@gmail.com,27.0,Australia,2024-12-04
15622,Briana Matthews,briana.matthews675@gmail.com,22.0,India,2024-12-04
15623,Carmen Morris,carmen.morris738@gmail.com,19.0,Canada,2024-12-04
15624,Mary Barrett,mary.barrett187@gmail.com,48.0,India,2024-12-04
15628,Rachel Harrison,rachel.harrison626@gmail.com,31.0,Canada,2024-12-05
15631,Ian Sheppard,ian.sheppard492@gmail.com,21.0,India,2024-12-05
15632,Andrew Rodriguez,andrew.rodriguez996@gmail.com,20.0,India,2024-12-05
15635,Jason Jenkins,jason.jenkins210@gmail.com,35.0,Australia,2024-12-05
15636,Kathleen Sharp,kathleen.sharp643@gmail.com,39.0,Australia,2024-12-05
15641,Jordan Sexton,jordan.sexton818@gmail.com,23.0,Australia,2024-12-05
15643,Julia Smith,julia.smith569@gmail.com,41.0,Canada,2024-12-05
15645,Emily Ryan,emily.ryan803@gmail.com,23.0,India,2024-12-05
15646,Deborah Lambert,deborah.lambert863@gmail.com,54.0,Canada,2024-12-05
15653,Johnathan Jordan,johnathan.jordan679@gmail.com,48.0,India,2024-12-06
15656,Debra Mason,debra.mason611@gmail.com,19.0,India,2024-12-06
15658,Brianna Johnson,brianna.johnson844@gmail.com,20.0,India,2024-12-06
15659,Christian Roberts,christian.roberts219@gmail.com,49.0,India,2024-12-06
15660,David Mercer,david.mercer301@gmail.com,31.0,Australia,2024-12-06
15661,Shannon Morrow,shannon.morrow314@gmail.com,33.0,Canada,2024-12-06
15663,Lisa Murphy,lisa.murphy869@gmail.com,21.0,India,2024-12-06
15665,Robert Meadows,robert.meadows93@gmail.com,47.0,India,2024-12-06
15666,Destiny Alvarez,destiny.alvarez376@gmail.com,35.0,India,2024-12-06
15667,Diana Weiss,diana.weiss252@gmail.com,22.0,India,2024-12-07
15668,Amber Green,amber.green549@gmail.com,35.0,Canada,2024-12-07
15669,Carlos Keller,carlos.keller30@gmail.com,25.0,India,2024-12-07
15676,Tommy Chen,tommy.chen269@gmail.com,37.0,Canada,2024-12-07
15677,Jacob May,jacob.may211@gmail.com,41.0,Australia,2024-12-07
15680,Ronald Brown,ronald.brown932@gmail.com,42.0,Canada,2024-12-07
15682,Jennifer Aguilar,jennifer.aguilar360@gmail.com,20.0,Australia,2024-12-07
15683,William Avila,william.avila932@gmail.com,48.0,India,2024-12-07
15684,Jamie Hurst,jamie.hurst260@gmail.com,32.0,Canada,2024-12-07
15691,Lisa Arroyo,lisa.arroyo610@gmail.com,20.0,India,2024-12-07
15692,Jennifer Thompson,jennifer.thompson633@gmail.com,31.0,Canada,2024-12-07
15694,Wesley Morton,wesley.morton777@gmail.com,23.0,India,2024-12-08
15696,Robert Wade,robert.wade112@gmail.com,18.0,India,2024-12-08
15697,Marissa Johnson,marissa.johnson480@gmail.com,41.0,Canada,2024-12-08
15704,Mrs. Sarah Elliott,mrs..sarah.elliott761@gmail.com,21.0,India,2024-12-08
15705,Eric Green,eric.green471@gmail.com,21.0,Australia,2024-12-08
15707,Joe Alvarez,joe.alvarez497@gmail.com,38.0,India,2024-12-08
15711,Leslie Swanson,leslie.swanson533@gmail.com,26.0,Canada,2024-12-08
15712,Richard Lewis,richard.lewis810@gmail.com,41.0,Canada,2024-12-09
15713,Daniel Scott,daniel.scott352@gmail.com,21.0,India,2024-12-09
15714,Alexa Smith,alexa.smith915@gmail.com,29.0,India,2024-12-09
15715,Kevin Anderson,kevin.anderson826@gmail.com,32.0,India,2024-12-09
15716,Amanda Graves,amanda.graves479@gmail.com,33.0,India,2024-12-09
15717,Brooke Montgomery,brooke.montgomery872@gmail.com,37.0,Canada,2024-12-09
15718,Eric Russo,eric.russo612@gmail.com,43.0,India,2024-12-09
15727,Rebekah Wolfe,rebekah.wolfe322@gmail.com,54.0,India,2024-12-09
15730,Derrick Davidson,derrick.davidson624@gmail.com,28.0,Australia,2024-12-09
15736,Matthew Moore,matthew.moore603@gmail.com,18.0,India,2024-12-10
15738,Colton Hughes,colton.hughes845@gmail.com,34.0,Australia,2024-12-10
15739,Jessica Brooks,jessica.brooks828@gmail.com,45.0,India,2024-12-10
15741,Justin Dennis,justin.dennis809@gmail.com,40.0,India,2024-12-10
15744,Kimberly Norman,kimberly.norman278@gmail.com,17.0,Canada,2024-12-10
15751,Andrea Wright,andrea.wright732@gmail.com,22.0,India,2024-12-10
15754,Phyllis Freeman,phyllis.freeman729@gmail.com,39.0,India,2024-12-10
15755,Eric Haney,eric.haney330@gmail.com,19.0,Canada,2024-12-10
15759,Kendra Scott,kendra.scott257@gmail.com,44.0,India,2024-12-11
15762,Dr. Whitney Garcia,dr..whitney.garcia671@gmail.com,57.0,Australia,2024-12-11
15769,Hannah Liu,hannah.liu915@gmail.com,36.0,Canada,2024-12-11
15773,Chelsea Whitehead,chelsea.whitehead139@gmail.com,43.0,India,2024-12-11
15774,Sherry Moore,sherry.moore722@gmail.com,44.0,India,2024-12-11
15780,Bryan Delacruz,bryan.delacruz155@gmail.com,20.0,India,2024-12-11
15784,Denise Bray,denise.bray202@gmail.com,35.0,Australia,2024-12-12
15789,Kristen Lawrence,kristen.lawrence938@gmail.com,25.0,India,2024-12-12
15790,Jessica Anderson,jessica.anderson420@gmail.com,25.0,Australia,2024-12-12
15795,Dalton Donaldson,dalton.donaldson431@gmail.com,23.0,Australia,2024-12-12
15797,Sara Potter,sara.potter100@gmail.com,20.0,Australia,2024-12-12
15807,Brian Chen,brian.chen53@gmail.com,34.0,Australia,2024-12-13
15808,Kristen Montoya,kristen.montoya29@gmail.com,20.0,Australia,2024-12-13
15812,Jennifer Kirby,jennifer.kirby61@gmail.com,30.0,Australia,2024-12-13
15818,Sara Andrews,sara.andrews433@gmail.com,18.0,India,2024-12-13
15820,Kimberly Peck,kimberly.peck139@gmail.com,26.0,India,2024-12-13
15822,Alicia Atkins,alicia.atkins553@gmail.com,18.0,India,2024-12-14
15825,Emily Boyd,emily.boyd173@gmail.com,21.0,India,2024-12-14
15828,Katherine Mccarthy,katherine.mccarthy17@gmail.com,50.0,India,2024-12-14
15831,Anthony Anderson,anthony.anderson446@gmail.com,17.0,Australia,2024-12-14
15832,Terry Gray,terry.gray804@gmail.com,30.0,India,2024-12-14
15833,Robert Bell,robert.bell250@gmail.com,35.0,India,2024-12-14
15836,Jennifer Pierce,jennifer.pierce131@gmail.com,35.0,India,2024-12-14
15837,Whitney Chambers,whitney.chambers595@gmail.com,38.0,Australia,2024-12-14
15840,Rebecca Delacruz,rebecca.delacruz250@gmail.com,49.0,Australia,2024-12-14
15843,Jesse Mitchell,jesse.mitchell30@gmail.com,23.0,India,2024-12-14
15849,Elizabeth Harris,elizabeth.harris677@gmail.com,24.0,India,2024-12-14
15852,Gilbert Gordon,gilbert.gordon777@gmail.com,29.0,Australia,2024-12-15
15854,Tammy Hawkins,tammy.hawkins351@gmail.com,25.0,Canada,2024-12-15
15856,Alexandra Powell,alexandra.powell843@gmail.com,49.0,India,2024-12-15
15858,Carol Best,carol.best853@gmail.com,17.0,India,2024-12-15
15860,Eduardo Fletcher,eduardo.fletcher872@gmail.com,19.0,India,2024-12-15
15861,Joseph Robinson,joseph.robinson187@gmail.com,37.0,Australia,2024-12-15
15862,Amanda Ward,amanda.ward954@gmail.com,28.0,Australia,2024-12-15
15864,Autumn Mcguire,autumn.mcguire962@gmail.com,29.0,India,2024-12-15
15866,Patrick Copeland,patrick.copeland32@gmail.com,40.0,India,2024-12-15
15867,Amanda Holland,amanda.holland849@gmail.com,17.0,India,2024-12-15
15871,Jose Johnson,jose.johnson96@gmail.com,32.0,India,2024-12-15
15872,Jessica Patterson,jessica.patterson708@gmail.com,32.0,India,2024-12-15
15878,Elizabeth Adams,elizabeth.adams475@gmail.com,47.0,Canada,2024-12-16
15888,Scott Gonzales,scott.gonzales413@gmail.com,17.0,Canada,2024-12-16
15891,Wyatt Herring,wyatt.herring577@gmail.com,17.0,India,2024-12-16
15893,Gregory Valencia,gregory.valencia464@gmail.com,21.0,Canada,2024-12-16
15894,Deborah Price,deborah.price41@gmail.com,20.0,India,2024-12-16
15895,Michael Garcia,michael.garcia163@gmail.com,30.0,India,2024-12-17
15896,Amber Trevino,amber.trevino720@gmail.com,46.0,India,2024-12-17
15897,Robert Robinson,robert.robinson183@gmail.com,19.0,Australia,2024-12-17
15898,Tina Lyons,tina.lyons799@gmail.com,26.0,Australia,2024-12-17
15900,William Taylor,william.taylor978@gmail.com,23.0,Australia,2024-12-17
15902,Stephanie Navarro,stephanie.navarro121@gmail.com,17.0,Australia,2024-12-17
15904,Alyssa Lane,alyssa.lane985@gmail.com,20.0,India,2024-12-17
15907,Derrick Gomez,derrick.gomez814@gmail.com,34.0,Australia,2024-12-17
15913,Melanie Tyler,melanie.tyler478@gmail.com,18.0,India,2024-12-17
15919,Terrance Goodman,terrance.goodman7@gmail.com,53.0,India,2024-12-17
15928,Crystal Diaz,crystal.diaz63@gmail.com,30.0,Canada,2024-12-18
15929,Lauren Anthony,lauren.anthony593@gmail.com,19.0,Canada,2024-12-18
15936,Kaitlyn Davis,kaitlyn.davis524@gmail.com,23.0,India,2024-12-19
15937,Heather Rios,heather.rios546@gmail.com,17.0,Australia,2024-12-19
15939,Johnny Abbott,johnny.abbott774@gmail.com,28.0,India,2024-12-19
15943,Michael Torres,michael.torres62@gmail.com,42.0,India,2024-12-19
15945,Christina Cain,christina.cain325@gmail.com,22.0,India,2024-12-19
15952,George Thompson,george.thompson839@gmail.com,46.0,Canada,2024-12-19
15953,Heather Rodriguez,heather.rodriguez703@gmail.com,32.0,Canada,2024-12-19
15954,Amy Harmon,amy.harmon424@gmail.com,33.0,India,2024-12-19
15955,Angela Reid,angela.reid160@gmail.com,49.0,Canada,2024-12-19
15958,Derek Wells,derek.wells148@gmail.com,27.0,India,2024-12-20
15959,John Jones,john.jones371@gmail.com,35.0,Canada,2024-12-20
15962,Andrew Richardson,andrew.richardson23@gmail.com,39.0,India,2024-12-20
15963,Sonia Buchanan,sonia.buchanan410@gmail.com,38.0,Canada,2024-12-20
15967,Jessica Sutton,jessica.sutton487@gmail.com,42.0,Australia,2024-12-20
15974,Claudia Raymond,claudia.raymond689@gmail.com,30.0,Australia,2024-12-20
15976,Robert Berg,robert.berg257@gmail.com,22.0,India,2024-12-20
15979,Christina Khan,christina.khan411@gmail.com,22.0,Canada,2024-12-21
15981,Joshua Jones,joshua.jones217@gmail.com,21.0,Australia,2024-12-21
15982,Joshua Ellison,joshua.ellison527@gmail.com,21.0,Canada,2024-12-21
15985,Meredith Rojas,meredith.rojas402@gmail.com,32.0,Australia,2024-12-21
15987,Michelle Reese,michelle.reese300@gmail.com,29.0,India,2024-12-21
15996,Claudia Parks,claudia.parks937@gmail.com,39.0,India,2024-12-21
15998,Mary Ingram,mary.ingram771@gmail.com,29.0,Australia,2024-12-21
16000,Steven Jones,steven.jones324@gmail.com,26.0,India,2024-12-22
16008,Sandra Day,sandra.day443@gmail.com,20.0,India,2024-12-22
16010,John Munoz,john.munoz848@gmail.com,20.0,India,2024-12-22
16013,James Perez,james.perez284@gmail.com,28.0,Canada,2024-12-22
16015,Michael Jones,michael.jones494@gmail.com,22.0,India,2024-12-22
16016,Kimberly Donaldson,kimberly.donaldson72@gmail.com,20.0,India,2024-12-22
16023,Jorge Gonzales,jorge.gonzales615@gmail.com,59.0,Canada,2024-12-23
16024,Daniel Wood,daniel.wood262@gmail.com,45.0,India,2024-12-23
16025,Mallory Moore,mallory.moore751@gmail.com,32.0,Australia,2024-12-23
16026,Jason Shields,jason.shields529@gmail.com,55.0,India,2024-12-23
16038,Dr. Kenneth Hernandez,dr..kenneth.hernandez405@gmail.com,38.0,India,2024-12-24
16039,Elizabeth Williams,elizabeth.williams787@gmail.com,36.0,India,2024-12-24
16040,Christopher Welch,christopher.welch73@gmail.com,22.0,Canada,2024-12-24
16042,Barbara Carter,barbara.carter741@gmail.com,21.0,India,2024-12-24
16043,Alison Ayers,alison.ayers48@gmail.com,24.0,India,2024-12-24
16049,Lucas Clements,lucas.clements117@gmail.com,21.0,Australia,2024-12-24
16051,Brian Chung,brian.chung641@gmail.com,54.0,Australia,2024-12-24
16053,Jack Harris,jack.harris246@gmail.com,23.0,Canada,2024-12-24
16054,Jeffrey Williams,jeffrey.williams907@gmail.com,31.0,Australia,2024-12-24
16056,Mary Ball,mary.ball443@gmail.com,21.0,Canada,2024-12-24
16058,Wendy Russell,wendy.russell587@gmail.com,19.0,Australia,2024-12-24
16059,Caleb Johnson DDS,caleb.johnson.dds574@gmail.com,20.0,India,2024-12-24
16060,Kelly Rodriguez,kelly.rodriguez633@gmail.com,45.0,Australia,2024-12-24
16063,Kathleen Howard,kathleen.howard350@gmail.com,27.0,Canada,2024-12-24
16064,Robert Elliott,robert.elliott235@gmail.com,31.0,Canada,2024-12-24
16072,Dr. Lynn Hernandez,dr..lynn.hernandez111@gmail.com,39.0,Australia,2024-12-25
16076,Darlene Lambert,darlene.lambert185@gmail.com,30.0,Australia,2024-12-25
16079,John Bennett,john.bennett710@gmail.com,31.0,Australia,2024-12-25
16088,Alicia Ali,alicia.ali319@gmail.com,22.0,India,2024-12-26
16098,Aaron Travis,aaron.travis559@gmail.com,25.0,Canada,2024-12-26
16100,Lauren Espinoza,lauren.espinoza419@gmail.com,38.0,India,2024-12-26
16101,Christina Lopez,christina.lopez540@gmail.com,46.0,Australia,2024-12-26
16102,Nicole Rios,nicole.rios929@gmail.com,44.0,Australia,2024-12-26
16105,Edward Collins,edward.collins833@gmail.com,25.0,India,2024-12-26
16106,Mark Miller,mark.miller476@gmail.com,31.0,Australia,2024-12-26
16108,Christopher Jones,christopher.jones503@gmail.com,33.0,Australia,2024-12-27
16110,Michelle Arroyo,michelle.arroyo661@gmail.com,46.0,India,2024-12-27
16112,Patricia Wilson,patricia.wilson891@gmail.com,45.0,India,2024-12-27
16114,Laura Smith,laura.smith128@gmail.com,26.0,India,2024-12-27
16117,David Houston,david.houston484@gmail.com,27.0,India,2024-12-27
16118,Crystal Hatfield,crystal.hatfield892@gmail.com,35.0,India,2024-12-27
16119,Isaiah Anderson,isaiah.anderson564@gmail.com,25.0,Canada,2024-12-27
16121,Daniel Huang,daniel.huang322@gmail.com,17.0,Canada,2024-12-27
16125,Kenneth Dean,kenneth.dean213@gmail.com,18.0,India,2024-12-28
16129,Michelle Reid,michelle.reid832@gmail.com,18.0,Australia,2024-12-28
16130,Edward Ward,edward.ward909@gmail.com,26.0,Australia,2024-12-28
16133,Rebecca Woodward,rebecca.woodward618@gmail.com,47.0,Canada,2024-12-28
16138,Stephanie Patterson MD,stephanie.patterson.md524@gmail.com,46.0,India,2024-12-28
16139,Laura Brown,laura.brown881@gmail.com,22.0,Australia,2024-12-28
16140,Hannah Carpenter,hannah.carpenter273@gmail.com,39.0,India,2024-12-28
16141,David Barry,david.barry777@gmail.com,17.0,Australia,2024-12-28
16142,Joanne Lowe,joanne.lowe265@gmail.com,18.0,India,2024-12-28
16143,Alicia Haas,alicia.haas664@gmail.com,32.0,Canada,2024-12-28
16147,Dennis Hammond,dennis.hammond602@gmail.com,28.0,India,2024-12-28
16149,Michael Baker,michael.baker431@gmail.com,22.0,India,2024-12-28
16152,Cody Sloan,cody.sloan662@gmail.com,20.0,India,2024-12-29
16154,Jeanne Stanley,jeanne.stanley209@gmail.com,22.0,India,2024-12-29
16156,Alexandra Cohen MD,alexandra.cohen.md774@gmail.com,32.0,India,2024-12-29
16159,Frank Lucero,frank.lucero74@gmail.com,46.0,India,2024-12-29
16160,Oscar Jones,oscar.jones975@gmail.com,44.0,India,2024-12-29
16173,Lisa Bennett,lisa.bennett65@gmail.com,27.0,India,2024-12-29
16174,Gary Diaz,gary.diaz889@gmail.com,32.0,Australia,2024-12-29
16178,Jeremy Holden,jeremy.holden500@gmail.com,26.0,Australia,2024-12-30
16186,Andrew Walters,andrew.walters737@gmail.com,21.0,India,2024-12-30
16189,Richard Cox,richard.cox512@gmail.com,21.0,Australia,2024-12-30
16190,Tom Taylor,tom.taylor32@gmail.com,52.0,India,2024-12-30
16192,Lisa Mcneil,lisa.mcneil62@gmail.com,18.0,India,2024-12-30
16195,Candace Boyle,candace.boyle602@gmail.com,26.0,India,2024-12-30
16196,Mary Anderson,mary.anderson296@gmail.com,35.0,India,2024-12-30
16200,Ashley Bender,ashley.bender149@gmail.com,29.0,India,2024-12-31
16202,Jessica Richard,jessica.richard103@gmail.com,28.0,Australia,2024-12-31
16204,Kelli Martin,kelli.martin497@gmail.com,37.0,India,2024-12-31
16207,Stephen Curry,stephen.curry811@gmail.com,25.0,Australia,2024-12-31
16212,Emily Woods,emily.woods826@gmail.com,23.0,India,2024-12-31
16214,Maria Johnston,maria.johnston700@gmail.com,36.0,India,2024-12-31
16215,Francisco Robinson,francisco.robinson276@gmail.com,21.0,India,2024-12-31
16217,Cynthia Welch,cynthia.welch129@gmail.com,23.0,Australia,2024-12-31
16219,Kristin Rice,kristin.rice912@gmail.com,22.0,Australia,2024-12-31
16221,Antonio Patel,antonio.patel255@gmail.com,37.0,India,2024-12-31
16223,Monica Williams,monica.williams398@gmail.com,27.0,India,2024-12-31
16224,Patrick Hale,patrick.hale685@gmail.com,22.0,India,2024-12-31
16228,Amanda Brooks,amanda.brooks923@gmail.com,40.0,India,2025-01-01
16231,Chelsea Cole,chelsea.cole995@gmail.com,19.0,Canada,2025-01-01
16232,Wayne Fisher,wayne.fisher427@gmail.com,19.0,India,2025-01-01
16233,Laura Johnson,laura.johnson331@gmail.com,50.0,Australia,2025-01-01
16234,Benjamin Hoover,benjamin.hoover840@gmail.com,37.0,India,2025-01-01
16236,Katelyn Aguirre,katelyn.aguirre134@gmail.com,17.0,India,2025-01-01
16238,Dawn Curry,dawn.curry700@gmail.com,36.0,Australia,2025-01-01
16240,Karen Perez,karen.perez223@gmail.com,60.0,India,2025-01-01
16241,Brandon Kelly,brandon.kelly873@gmail.com,30.0,Canada,2025-01-01
16244,Mrs. Lisa Watkins,mrs..lisa.watkins585@gmail.com,54.0,India,2025-01-01
16250,Nichole Carter,nichole.carter102@gmail.com,20.0,India,2025-01-02
16251,Tamara Knox,tamara.knox535@gmail.com,49.0,India,2025-01-02
16256,Christian Dyer,christian.dyer572@gmail.com,25.0,India,2025-01-02
16257,Diana Wiley,diana.wiley400@gmail.com,42.0,India,2025-01-02
16258,Justin Hinton,justin.hinton966@gmail.com,31.0,Canada,2025-01-02
16259,Miss Terry Bell,miss.terry.bell997@gmail.com,26.0,Australia,2025-01-02
16261,Teresa Barnes,teresa.barnes691@gmail.com,28.0,India,2025-01-02
16263,Nathan Ingram,nathan.ingram647@gmail.com,46.0,Australia,2025-01-02
16267,Paula Hunt,paula.hunt345@gmail.com,33.0,Australia,2025-01-02
16271,Tracy Christian,tracy.christian823@gmail.com,46.0,India,2025-01-02
16276,Brian Cain,brian.cain391@gmail.com,57.0,India,2025-01-03
16279,Kelly Huerta,kelly.huerta912@gmail.com,31.0,Australia,2025-01-03
16282,Cheryl Wood,cheryl.wood297@gmail.com,34.0,Canada,2025-01-03
16286,Tammy Cummings,tammy.cummings938@gmail.com,42.0,India,2025-01-03
16287,John Chen,john.chen186@gmail.com,32.0,India,2025-01-03
16288,Diana Burns,diana.burns564@gmail.com,47.0,Australia,2025-01-03
16293,Daniel Freeman,daniel.freeman402@gmail.com,19.0,India,2025-01-03
16306,Ashley Baker DDS,ashley.baker.dds920@gmail.com,44.0,Australia,2025-01-04
16310,Tim Harris,tim.harris649@gmail.com,21.0,India,2025-01-04
16312,Jessica Morgan,jessica.morgan75@gmail.com,22.0,India,2025-01-04
16313,Lance Fuentes,lance.fuentes244@gmail.com,52.0,Canada,2025-01-04
16314,Jimmy Gates,jimmy.gates176@gmail.com,45.0,Canada,2025-01-04
16316,Kirsten Young,kirsten.young596@gmail.com,18.0,Australia,2025-01-04
16320,Alexander Arnold,alexander.arnold969@gmail.com,60.0,Canada,2025-01-04
16327,Bradley Nunez,bradley.nunez774@gmail.com,31.0,India,2025-01-04
16329,Ryan Evans,ryan.evans242@gmail.com,20.0,India,2025-01-05
16332,Nicole Lopez,nicole.lopez907@gmail.com,21.0,Australia,2025-01-05
16334,Lorraine Johnson,lorraine.johnson340@gmail.com,42.0,India,2025-01-05
16336,Diane Allen,diane.allen709@gmail.com,31.0,India,2025-01-05
16339,Adrienne Carson,adrienne.carson167@gmail.com,20.0,Australia,2025-01-05
16340,Anna Singleton,anna.singleton886@gmail.com,26.0,India,2025-01-05
16343,Christina Torres,christina.torres378@gmail.com,18.0,India,2025-01-05
16344,Jennifer Edwards,jennifer.edwards287@gmail.com,32.0,Canada,2025-01-05
16346,Charles Miller,charles.miller150@gmail.com,17.0,Canada,2025-01-05
16350,Michael Weiss,michael.weiss419@gmail.com,27.0,India,2025-01-05
16352,Donna Collins,donna.collins363@gmail.com,21.0,Australia,2025-01-06
16353,Donna Kim,donna.kim883@gmail.com,29.0,India,2025-01-06
16356,Donald Grant,donald..grant671@gmail..com,26.0,India,2025-01-06
16360,Elizabeth Armstrong,elizabeth.armstrong347@gmail.com,36.0,India,2025-01-06
16367,Patricia King,patricia.king355@gmail.com,19.0,Australia,2025-01-06
16369,Austin Banks,austin.banks65@gmail.com,21.0,Australia,2025-01-06
16374,Natasha Thompson,natasha.thompson639@gmail.com,28.0,India,2025-01-06
16377,Carlos Davis,carlos.davis190@gmail.com,23.0,India,2025-01-07
16382,Julie Haynes,julie.haynes642@gmail.com,43.0,India,2025-01-07
16385,Sharon Hawkins,sharon.hawkins355@gmail.com,45.0,Australia,2025-01-07
16386,Toni Wilson,toni.wilson622@gmail.com,21.0,Australia,2025-01-07
16387,Pamela Brown,pamela.brown851@gmail.com,33.0,Australia,2025-01-07
16388,Michael Barber,michael.barber456@gmail.com,49.0,India,2025-01-07
16390,Thomas Smith,thomas.smith476@gmail.com,53.0,Canada,2025-01-07
16391,Brenda Jones,brenda.jones540@gmail.com,35.0,Australia,2025-01-07
16395,Wendy Johnson,wendy.johnson46@gmail.com,33.0,India,2025-01-08
16401,David Craig,david.craig613@gmail.com,17.0,Canada,2025-01-08
16403,Christopher Rasmussen,christopher.rasmussen817@gmail.com,19.0,India,2025-01-08
16408,Derek Gray,derek.gray646@gmail.com,35.0,India,2025-01-08
16414,Steven Matthews,steven.matthews275@gmail.com,31.0,Canada,2025-01-08
16421,Mary Hernandez,mary.hernandez616@gmail.com,33.0,Australia,2025-01-09
16422,Justin Berry,justin.berry140@gmail.com,18.0,India,2025-01-09
16423,Brian Greene,brian.greene294@gmail.com,25.0,India,2025-01-09
16424,Jason Mckay,jason.mckay767@gmail.com,29.0,Australia,2025-01-09
16426,Kimberly Hampton,kimberly.hampton674@gmail.com,25.0,India,2025-01-09
16428,Jonathan Copeland,jonathan.copeland351@gmail.com,45.0,Canada,2025-01-09
16437,Yvonne Patterson,yvonne.patterson562@gmail.com,18.0,India,2025-01-10
16440,Mr. Michael Johnson MD,mr..michael.johnson.md543@gmail.com,57.0,Australia,2025-01-10
16442,Beverly Medina,beverly.medina173@gmail.com,39.0,Australia,2025-01-10
16443,Fred Guerrero,fred.guerrero823@gmail.com,31.0,India,2025-01-10
16444,Marcus Stevens,marcus.stevens53@gmail.com,29.0,India,2025-01-10
16445,Elizabeth Johnson,elizabeth.johnson297@gmail.com,22.0,Canada,2025-01-10
16454,Christopher Carey MD,christopher.carey.md553@gmail.com,55.0,Canada,2025-01-11
16456,Rodney Kline,rodney.kline402@gmail.com,42.0,India,2025-01-11
16457,Katherine Castillo,katherine.castillo8@gmail.com,19.0,India,2025-01-11
16458,Jacqueline Haas,jacqueline.haas780@gmail.com,23.0,India,2025-01-11
16464,Andrew Ellison,andrew.ellison679@gmail.com,29.0,Australia,2025-01-11
16466,Eric Gomez,eric.gomez311@gmail.com,36.0,Canada,2025-01-11
16469,Daniel Walters,daniel.walters498@gmail.com,44.0,India,2025-01-11
16471,William Marquez,william.marquez492@gmail.com,36.0,Australia,2025-01-11
16473,Mr. Barry Green,mr..barry.green319@gmail.com,18.0,India,2025-01-11
16489,Joshua Carter,joshua.carter436@gmail.com,18.0,Australia,2025-01-12
16494,Alan Flores,alan.flores490@gmail.com,18.0,India,2025-01-12
16496,Martha Thomas,martha.thomas613@gmail.com,42.0,India,2025-01-12
16498,Alison Kerr,alison.kerr834@gmail.com,29.0,Australia,2025-01-12
16501,Julia Perez,julia.perez431@gmail.com,57.0,Canada,2025-01-13
16506,Harold Lynch,harold.lynch591@gmail.com,51.0,Canada,2025-01-13
16507,Eric Smith,eric.smith426@gmail.com,19.0,India,2025-01-13
16508,Timothy Harris,timothy.harris927@gmail.com,49.0,Canada,2025-01-13
16509,Mr. Matthew Lucero,mr..matthew.lucero194@gmail.com,17.0,Australia,2025-01-13
16511,Amber Noble,amber.noble943@gmail.com,19.0,Australia,2025-01-13
16513,Jasmine Cuevas,jasmine.cuevas110@gmail.com,30.0,Australia,2025-01-13
16514,Denise Scott,denise.scott515@gmail.com,40.0,India,2025-01-13
16519,Robert Matthews,robert.matthews425@gmail.com,31.0,India,2025-01-13
16520,Sierra Simpson,sierra.simpson372@gmail.com,38.0,India,2025-01-13
16522,Elizabeth King,elizabeth.king628@gmail.com,23.0,Australia,2025-01-13
16523,Jerry Saunders,jerry.saunders863@gmail.com,46.0,Australia,2025-01-13
16524,Amanda Moore,amanda.moore888@gmail.com,24.0,Australia,2025-01-13
16526,Riley Perry,riley.perry193@gmail.com,49.0,India,2025-01-14
16528,Kelly Hurley,kelly.hurley920@gmail.com,23.0,Australia,2025-01-14
16531,Yvonne Clark,yvonne.clark338@gmail.com,20.0,Australia,2025-01-14
16533,Angelica Ferguson,angelica.ferguson357@gmail.com,17.0,Australia,2025-01-14
16535,Leslie Herrera,leslie.herrera813@gmail.com,29.0,Canada,2025-01-14
16537,Lisa Lawson,lisa.lawson3@gmail.com,21.0,Australia,2025-01-14
16538,Noah Lawson,noah.lawson123@gmail.com,48.0,Canada,2025-01-14
16539,Jason Green,jason.green462@gmail.com,19.0,Canada,2025-01-14
16541,Christine Johnson,christine.johnson195@gmail.com,35.0,Canada,2025-01-14
16549,Dawn Hopkins MD,dawn.hopkins.md18@gmail.com,22.0,India,2025-01-15
16553,Angela Payne,angela.payne603@gmail.com,21.0,India,2025-01-15
16555,Terry Gilmore,terry.gilmore667@gmail.com,20.0,Australia,2025-01-15
16558,Jack Franklin,jack.franklin126@gmail.com,30.0,India,2025-01-15
16567,Christopher Bowman,christopher.bowman8@gmail.com,53.0,India,2025-01-15
16570,Kimberly Robertson,kimberly.robertson353@gmail.com,18.0,India,2025-01-16
16576,Debra Houston,debra.houston348@gmail.com,20.0,Canada,2025-01-16
16577,Roy Wells,roy.wells126@gmail.com,30.0,India,2025-01-16
16578,Kimberly Johnson,kimberly.johnson197@gmail.com,18.0,Australia,2025-01-16
16589,Natalie Nunez,natalie.nunez958@gmail.com,36.0,India,2025-01-16
16590,Faith Garner,faith.garner872@gmail.com,17.0,India,2025-01-16
16591,John Landry,john.landry893@gmail.com,30.0,Australia,2025-01-16
16598,Suzanne Palmer,suzanne.palmer453@gmail.com,29.0,Australia,2025-01-16
16604,Wendy Lopez,wendy.lopez182@gmail.com,31.0,India,2025-01-17
16605,Jeffrey Cain,jeffrey.cain384@gmail.com,32.0,India,2025-01-17
16606,Gregory Munoz,gregory.munoz57@gmail.com,32.0,India,2025-01-17
16607,Tammy Mendoza,tammy.mendoza910@gmail.com,19.0,India,2025-01-17
16614,Teresa Hardy,teresa.hardy66@gmail.com,38.0,Canada,2025-01-17
16615,Charles Livingston,charles.livingston789@gmail.com,37.0,India,2025-01-17
16616,Jamie Reed,jamie.reed882@gmail.com,40.0,Canada,2025-01-17
16622,William Martinez,william.martinez203@gmail.com,28.0,India,2025-01-17
16623,Richard Martin,richard.martin107@gmail.com,20.0,India,2025-01-17
16626,Joseph Nunez,joseph.nunez103@gmail.com,53.0,India,2025-01-18
16629,Robert Thompson,robert.thompson567@gmail.com,28.0,Australia,2025-01-18
16631,Frederick Williams,frederick.williams34@gmail.com,38.0,India,2025-01-18
16633,Kathryn Whitaker,kathryn.whitaker53@gmail.com,49.0,India,2025-01-18
16637,Lynn Hughes,lynn.hughes698@gmail.com,22.0,India,2025-01-18
16644,Greg Gilbert,greg.gilbert252@gmail.com,30.0,Canada,2025-01-18
16648,Steven Sullivan,steven.sullivan385@gmail.com,17.0,India,2025-01-18
16651,Jacqueline Stephenson DVM,jacqueline.stephenson.dvm102@gmail.com,38.0,India,2025-01-18
16653,Jessica Johnson,jessica.johnson852@gmail.com,30.0,India,2025-01-19
16659,Angela Boyd,angela.boyd365@gmail.com,38.0,India,2025-01-19
16663,Tracy Walters,tracy.walters705@gmail.com,59.0,Australia,2025-01-19
16664,Mary Oconnor,mary.oconnor115@gmail.com,44.0,India,2025-01-19
16667,Mikayla Cisneros,mikayla.cisneros663@gmail.com,44.0,Canada,2025-01-19
16675,Catherine Wagner,catherine.wagner54@gmail.com,36.0,India,2025-01-19
16677,Lisa Miller,lisa.miller861@gmail.com,17.0,India,2025-01-20
16678,Ashley Lynch,ashley.lynch380@gmail.com,47.0,Canada,2025-01-20
16680,Rebecca Allen,rebecca.allen40@gmail.com,34.0,Australia,2025-01-20
16684,Curtis Chaney Jr.,curtis.chaney.jr.180@gmail.com,27.0,India,2025-01-20
16686,Cassandra Taylor,cassandra.taylor725@gmail.com,56.0,Australia,2025-01-20
16688,Sheila Davis,sheila.davis697@gmail.com,18.0,Canada,2025-01-20
16690,Curtis Ferguson,curtis.ferguson915@gmail.com,22.0,Australia,2025-01-20
16694,Danny Smith,danny.smith353@gmail.com,17.0,India,2025-01-20
16695,Victor Hancock,victor.hancock700@gmail.com,20.0,India,2025-01-20
16698,Linda Phillips,linda.phillips10@gmail.com,59.0,Australia,2025-01-20
16701,Chelsea Sherman,chelsea.sherman727@gmail.com,38.0,Australia,2025-01-20
16703,Ryan Mcpherson,ryan.mcpherson505@gmail.com,20.0,India,2025-01-20
16705,Kathleen Wolf,kathleen.wolf955@gmail.com,36.0,India,2025-01-20
16706,Sandra Burgess,sandra.burgess757@gmail.com,17.0,Australia,2025-01-20
16708,Carolyn Perez,carolyn.perez959@gmail.com,31.0,Canada,2025-01-21
16710,Angela Reeves,angela.reeves684@gmail.com,19.0,Canada,2025-01-21
16712,Manuel Rogers,manuel.rogers670@gmail.com,40.0,India,2025-01-21
16713,April Ibarra,april.ibarra265@gmail.com,33.0,Australia,2025-01-21
16714,Allison White,allison.white325@gmail.com,31.0,Canada,2025-01-21
16724,Adam Park,adam.park373@gmail.com,22.0,Australia,2025-01-21
16725,Gloria Brown,gloria.brown355@gmail.com,21.0,Australia,2025-01-21
16726,Angela Carroll,angela.carroll379@gmail.com,17.0,Australia,2025-01-21
16727,Daniel Rodriguez,daniel.rodriguez389@gmail.com,25.0,Canada,2025-01-21
16731,Mrs. Catherine Hamilton,mrs..catherine.hamilton80@gmail.com,43.0,India,2025-01-21
16734,Crystal Taylor,crystal.taylor124@gmail.com,25.0,India,2025-01-21
16735,Amanda Richardson,amanda.richardson399@gmail.com,24.0,India,2025-01-21
16739,Nathaniel Gallagher,nathaniel.gallagher537@gmail.com,22.0,India,2025-01-22
16741,Alison Chandler,alison.chandler385@gmail.com,20.0,India,2025-01-22
16742,Peter Brown,peter.brown497@gmail.com,31.0,India,2025-01-22
16746,Casey King,casey.king911@gmail.com,31.0,India,2025-01-22
16747,Haley Carter,haley.carter924@gmail.com,28.0,India,2025-01-22
16748,Gloria Porter,gloria.porter358@gmail.com,19.0,Australia,2025-01-22
16751,Cassandra Stanton,cassandra.stanton749@gmail.com,51.0,India,2025-01-22
16752,Alicia Fleming,alicia.fleming42@gmail.com,49.0,Canada,2025-01-22
16755,Robert Beasley,robert.beasley810@gmail.com,31.0,India,2025-01-22
16757,William Johnson,william.johnson836@gmail.com,37.0,Australia,2025-01-22
16758,Sarah Johnson,sarah.johnson639@gmail.com,41.0,Australia,2025-01-22
16760,Eugene Cannon,eugene.cannon398@gmail.com,26.0,Canada,2025-01-22
16763,Tammy Ingram,tammy.ingram285@gmail.com,17.0,India,2025-01-22
16765,Harold Parrish,harold.parrish356@gmail.com,53.0,India,2025-01-22
16775,Rick White,rick.white840@gmail.com,45.0,India,2025-01-23
16787,Lindsay Bryant,lindsay.bryant708@gmail.com,48.0,India,2025-01-23
16792,Benjamin Berry,benjamin.berry5@gmail.com,34.0,Australia,2025-01-23
16794,Charles Johnson,charles.johnson699@gmail.com,43.0,India,2025-01-23
16795,Michael Hahn,michael.hahn361@gmail.com,22.0,Canada,2025-01-24
16796,Janice Olson,janice.olson371@gmail.com,19.0,India,2025-01-24
16799,Shannon Powers,shannon.powers481@gmail.com,37.0,India,2025-01-24
16806,Mr. Joseph Marks,mr..joseph.marks489@gmail.com,44.0,Australia,2025-01-24
16807,William Stewart,william.stewart816@gmail.com,49.0,Australia,2025-01-24
16808,Rachel Moses,rachel.moses156@gmail.com,21.0,Canada,2025-01-24
16810,Charles Diaz,charles.diaz374@gmail.com,35.0,India,2025-01-24
16812,Joseph Pineda,joseph.pineda528@gmail.com,34.0,Canada,2025-01-24
16814,Logan Wood,logan.wood123@gmail.com,49.0,Australia,2025-01-24
16815,Jessica Campbell,jessica.campbell582@gmail.com,17.0,India,2025-01-24
16816,Rachael Crawford,rachael.crawford42@gmail.com,21.0,India,2025-01-24
16817,Olivia Hernandez,olivia.hernandez430@gmail.com,34.0,Australia,2025-01-24
16818,Steven Riggs,steven.riggs358@gmail.com,23.0,India,2025-01-24
16820,Samantha Martinez,samantha.martinez259@gmail.com,29.0,Canada,2025-01-24
16826,Vanessa Taylor,vanessa.taylor212@gmail.com,29.0,India,2025-01-25
16832,Monica Richardson,monica.richardson8@gmail.com,54.0,India,2025-01-25
16833,Melissa Torres,melissa.torres533@gmail.com,22.0,India,2025-01-25
16834,Chelsea Thomas,chelsea.thomas368@gmail.com,50.0,India,2025-01-25
16838,Joshua Jones,joshua.jones891@gmail.com,28.0,India,2025-01-25
16839,Natalie Peterson,natalie.peterson381@gmail.com,30.0,Canada,2025-01-25
16840,Dawn Jones,dawn.jones116@gmail.com,22.0,Australia,2025-01-25
16841,Gary Stevens,gary.stevens188@gmail.com,21.0,India,2025-01-25
16842,Zachary Shields,zachary.shields136@gmail.com,28.0,India,2025-01-25
16844,Stephen Bell,stephen.bell319@gmail.com,44.0,India,2025-01-25
16847,Mary Romero,mary.romero629@gmail.com,44.0,India,2025-01-25
16848,Jesus Shelton,jesus.shelton627@gmail.com,27.0,India,2025-01-25
16850,John Smith,john.smith161@gmail.com,23.0,Canada,2025-01-25
16852,Rebecca Lopez,rebecca.lopez93@gmail.com,19.0,India,2025-01-25
16853,Christopher Hamilton,christopher.hamilton122@gmail.com,32.0,India,2025-01-25
16854,Cory Mathews,cory.mathews350@gmail.com,25.0,Canada,2025-01-25
16855,Dustin Rivers,dustin.rivers98@gmail.com,28.0,India,2025-01-25
16856,Jordan Washington,jordan.washington228@gmail.com,30.0,India,2025-01-26
16858,Frank White,frank.white285@gmail.com,30.0,Canada,2025-01-26
16865,Julie Brock,julie..brock672@gmail..com,17.0,India,2025-01-26
16866,Ashley Thompson,ashley.thompson211@gmail.com,20.0,India,2025-01-26
16867,Christine Elliott,christine.elliott221@gmail.com,36.0,Canada,2025-01-26
16868,Melinda Lawrence,melinda.lawrence707@gmail.com,44.0,Australia,2025-01-26
16870,Lydia Christensen,lydia.christensen738@gmail.com,29.0,India,2025-01-26
16872,Kristi Anderson,kristi.anderson771@gmail.com,17.0,India,2025-01-26
16873,John Harris,john.harris196@gmail.com,36.0,India,2025-01-26
16875,Deanna Yates,deanna.yates76@gmail.com,19.0,India,2025-01-26
16876,Mary Graham,mary.graham16@gmail.com,46.0,Australia,2025-01-26
16877,Amber Harris,amber.harris949@gmail.com,39.0,Canada,2025-01-26
16878,Aaron Webster,aaron.webster179@gmail.com,20.0,Canada,2025-01-26
16882,Bonnie Taylor,bonnie.taylor894@gmail.com,53.0,India,2025-01-26
16886,Jeffrey Garcia,jeffrey.garcia728@gmail.com,36.0,Australia,2025-01-27
16887,Angela Winters,angela.winters897@gmail.com,45.0,Australia,2025-01-27
16892,Ebony Morgan,ebony.morgan457@gmail.com,55.0,India,2025-01-27
16901,Rachel Fitzgerald,rachel.fitzgerald1000@gmail.com,23.0,India,2025-01-27
16903,Kenneth Liu,kenneth.liu316@gmail.com,47.0,India,2025-01-27
16905,Lisa Scott,lisa.scott765@gmail.com,48.0,India,2025-01-27
16909,Terry Warren,terry.warren809@gmail.com,50.0,Australia,2025-01-27
16910,Randall Mcdaniel,randall.mcdaniel401@gmail.com,18.0,India,2025-01-27
16911,Jordan Frazier,jordan.frazier803@gmail.com,31.0,India,2025-01-27
16912,Holly Morris,holly.morris935@gmail.com,18.0,India,2025-01-27
16915,Jennifer Simmons,jennifer.simmons172@gmail.com,24.0,India,2025-01-27
16919,Melanie Jackson,melanie.jackson988@gmail.com,31.0,Australia,2025-01-28
16930,Joshua Hernandez,joshua.hernandez679@gmail.com,37.0,Canada,2025-01-28
16931,David Sullivan,david.sullivan814@gmail.com,19.0,India,2025-01-28
16935,Christopher Simmons MD,christopher.simmons.md376@gmail.com,32.0,Australia,2025-01-28
16936,Lisa Barber,lisa.barber835@gmail.com,22.0,India,2025-01-28
16937,Mary Leonard,mary.leonard868@gmail.com,37.0,India,2025-01-28
16940,Kevin Mckay,kevin.mckay870@gmail.com,37.0,India,2025-01-28
16943,Micheal Phillips,micheal.phillips519@gmail.com,25.0,India,2025-01-29
16945,Dr. Sharon Montgomery,dr..sharon.montgomery881@gmail.com,17.0,India,2025-01-29
16948,Steve Vazquez PhD,steve.vazquez.phd656@gmail.com,29.0,India,2025-01-29
16949,Steven Martinez,steven.martinez349@gmail.com,21.0,Australia,2025-01-29
16950,Heather Aguilar,heather.aguilar743@gmail.com,20.0,Australia,2025-01-29
16951,Janet Campbell,janet.campbell507@gmail.com,35.0,India,2025-01-29
16952,Michael Copeland,michael.copeland44@gmail.com,53.0,Australia,2025-01-29
16953,Taylor Donaldson,taylor.donaldson969@gmail.com,18.0,India,2025-01-29
16954,Andrea Thompson,andrea.thompson218@gmail.com,18.0,Canada,2025-01-29
16961,Melissa Kelley,melissa.kelley375@gmail.com,37.0,India,2025-01-29
16964,Robert Porter,robert.porter330@gmail.com,21.0,Australia,2025-01-29
16968,Samantha Robinson,samantha.robinson369@gmail.com,17.0,India,2025-01-30
16970,Megan Stone,megan.stone698@gmail.com,34.0,India,2025-01-30
16971,Brad Grant,brad.grant101@gmail.com,18.0,India,2025-01-30
16973,Catherine Dominguez,catherine.dominguez503@gmail.com,32.0,Canada,2025-01-30
16974,Robert Powers,robert.powers253@gmail.com,22.0,India,2025-01-30
16978,Carlos Hart,carlos.hart355@gmail.com,22.0,Australia,2025-01-30
16979,Keith Pena,keith.pena647@gmail.com,19.0,India,2025-01-30
16980,Melissa Robertson,melissa.robertson74@gmail.com,27.0,Australia,2025-01-30
16982,Cynthia Kelly,cynthia.kelly407@gmail.com,35.0,India,2025-01-30
16984,Bryan Frey,bryan.frey854@gmail.com,24.0,India,2025-01-30
16986,Monique Harris,monique.harris626@gmail.com,44.0,India,2025-01-30
16988,Todd Hernandez,todd.hernandez492@gmail.com,49.0,India,2025-01-30
16989,Andrew Caldwell,andrew.caldwell85@gmail.com,41.0,Canada,2025-01-30
16993,Jose Becker,jose.becker607@gmail.com,45.0,Australia,2025-01-30
